0,2,6,0
0.005,1.95,6,0
0.01,2,6,0
0.015,2.055,6,0
0.02,2.11,6.00067,0.0244264
0.025,2.16496,6.00269,0.0488527
0.03,2.21487,6.00568,0.0710585
0.035,2.2647,6.00979,0.0932643
0.04,2.31442,6.01499,0.11547
0.045,2.36402,6.0213,0.137457
0.05,2.41349,6.0286,0.155734
0.055,2.46282,6.03672,0.170198
0.06,2.51205,6.04549,0.182652
0.065,2.56117,6.05482,0.192838
0.07,2.6102,6.06464,0.202344
0.075,2.65914,6.07488,0.210329
0.08,2.708,6.08546,0.216114
0.085,2.75679,6.09642,0.225556
0.09,2.80549,6.10772,0.230769
0.095,2.85411,6.11939,0.240301
0.1,2.90265,6.13141,0.245278
0.105,2.95109,6.1438,0.255392
0.11,2.99943,6.15656,0.260552
0.115,3.04767,6.1697,0.271571
0.12,3.0958,6.18325,0.277329
0.125,3.1486,6.19866,0.29042
0.13,3.20124,6.2146,0.297918
0.135,3.2537,6.23111,0.311833
0.14,3.30598,6.24821,0.320227
0.145,3.35806,6.26588,0.334109
0.15,3.40991,6.28421,0.345257
0.155,3.46156,6.30312,0.356705
0.16,3.513,6.3226,0.367383
0.165,3.5642,6.34267,0.379694
0.17,3.61518,6.36332,0.390317
0.175,3.6659,6.38458,0.403463
0.18,3.6152,6.36326,0.392988
0.185,3.66596,6.38444,0.397753
0.19,3.71649,6.40617,0.414417
0.195,3.76672,6.42855,0.424061
0.2,3.81666,6.4516,0.440715
0.205,3.86629,6.47531,0.450557
0.21,3.91561,6.49965,0.466565
0.215,3.9646,6.52464,0.47669
0.22,4.01327,6.55026,0.492225
0.225,4.06161,6.57651,0.502761
0.23,4.1096,6.60337,0.517977
0.235,4.15723,6.63087,0.529045
0.24,4.2045,6.65899,0.54422
0.245,4.25138,6.68774,0.556106
0.25,4.29787,6.71713,0.571456
0.255,4.34394,6.74718,0.584427
0.26,4.38957,6.77788,0.600084
0.265,4.43474,6.80926,0.61434
0.27,4.47943,6.84132,0.630364
0.275,4.5236,6.87409,0.646086
0.28,4.56724,6.90756,0.662498
0.285,4.61031,6.94177,0.679848
0.29,4.65279,6.9767,0.696625
0.295,4.69464,7.01239,0.715748
0.3,4.73583,7.04884,0.732852
0.305,4.77632,7.08606,0.753912
0.31,4.7359,7.04876,0.736537
0.315,4.77662,7.08573,0.737696
0.32,4.81686,7.12322,0.762122
0.325,4.85632,7.16153,0.779269
0.33,4.89497,7.20066,0.803695
0.335,4.93275,7.24063,0.823403
0.34,4.96964,7.28142,0.847829
0.345,5.00561,7.32303,0.86804
0.35,5.04065,7.36542,0.892467
0.355,5.07476,7.40856,0.91088
0.36,5.10799,7.45239,0.933368
0.365,5.14038,7.49684,0.948606
0.37,5.17206,7.5418,0.965313
0.375,5.2031,7.58721,0.97722
0.38,5.23358,7.63298,0.989283
0.385,5.26359,7.67908,0.998135
0.39,5.29321,7.72542,1.00621
0.395,5.3225,7.77197,1.01202
0.4,5.35156,7.81867,1.01647
0.405,5.38044,7.86547,1.0191
0.41,5.40925,7.91233,1.02019
0.415,5.43804,7.95919,1.01945
0.42,5.4669,8.00601,1.01738
0.425,5.4959,8.05274,1.01324
0.43,5.52512,8.09934,1.00847
0.435,5.55459,8.14577,1.00196
0.44,5.52511,8.09935,1.00806
0.445,5.55388,8.14622,1.03249
0.45,5.58235,8.19327,1.02064
0.455,5.61142,8.23996,1.00727
0.46,5.64113,8.28625,0.993198
0.465,5.67141,8.33216,0.982391
0.47,5.70217,8.37775,0.971965
0.475,5.73336,8.42305,0.963793
0.48,5.7649,8.46811,0.956115
0.485,5.79676,8.51294,0.949943
0.49,5.82888,8.55759,0.944396
0.495,5.86122,8.60207,0.939879
0.5,5.89079,8.6424,0.936428
0.505,5.92047,8.68263,0.934048
0.51,5.95024,8.72281,0.932192
0.515,5.98007,8.76293,0.930632
0.52,6.00996,8.80302,0.929667
0.525,6.03988,8.84308,0.928906
0.53,6.06982,8.88312,0.928807
0.535,6.09976,8.92317,0.928798
0.54,6.12969,8.96322,0.929255
0.545,6.1596,9.00328,0.929681
0.55,6.18949,9.04336,0.93037
0.555,6.21936,9.08347,0.930964
0.56,6.24919,9.12359,0.931662
0.565,6.27901,9.16372,0.932235
0.57,6.3088,9.20388,0.932796
0.575,6.33857,9.24405,0.933224
0.58,6.36833,9.28423,0.933534
0.585,6.39807,9.32442,0.933725
0.59,6.42781,9.36461,0.933721
0.595,6.45756,9.4048,0.933625
0.6,6.48731,9.44498,0.933256
0.605,6.51708,9.48515,0.932835
0.61,6.54687,9.52531,0.932061
0.615,6.5767,9.56544,0.931283
0.62,6.60656,9.60554,0.9301
0.625,6.63647,9.64561,0.928962
0.63,6.66643,9.68563,0.927428
0.635,6.69646,9.72562,0.926039
0.64,6.72654,9.76556,0.924491
0.645,6.75668,9.80545,0.923147
0.65,6.78687,9.84531,0.921908
0.655,6.8171,9.88513,0.920888
0.66,6.84737,9.92493,0.920169
0.665,6.87767,9.9647,0.919637
0.67,6.90798,10.0045,0.919585
0.675,6.93828,10.0442,0.919672
0.68,6.96857,10.084,0.92038
0.685,6.99883,10.1238,0.921155
0.69,7.02905,10.1637,0.922671
0.695,7.0592,10.2035,0.92417
0.7,7.08928,10.2435,0.926546
0.705,7.11927,10.2835,0.928798
0.71,7.14914,10.3236,0.932033
0.714999,7.17889,10.3638,0.93503
0.719999,7.2085,10.4041,0.939137
0.724999,7.23795,10.4445,0.942876
0.729999,7.26722,10.485,0.947626
0.734999,7.29632,10.5257,0.951797
0.739999,7.32524,10.5665,0.956175
0.744999,7.354,10.6074,0.959836
0.749999,7.38262,10.6484,0.962894
0.754999,7.41113,10.6894,0.965273
0.759999,7.43956,10.7306,0.966365
0.764999,7.46797,10.7717,0.966932
0.769999,7.49639,10.8129,0.965628
0.774999,7.52486,10.854,0.964045
0.779999,7.55345,10.895,0.960055
0.784999,7.58221,10.9359,0.956093
0.789999,7.61119,10.9766,0.949202
0.794999,7.64043,11.0172,0.94268
0.799999,7.67002,11.0575,0.932724
0.804999,7.69998,11.0975,0.92356
0.809999,7.73039,11.1372,0.910389
0.814999,7.7613,11.1765,0.898541
0.819999,7.79276,11.2154,0.882056
0.824999,7.82481,11.2537,0.867602
0.829999,7.85752,11.2916,0.847989
0.834999,7.8909,11.3288,0.831322
0.839999,7.925,11.3653,0.809711
0.844999,7.9598,11.4012,0.791929
0.849999,7.99532,11.4364,0.769723
0.854999,8.03153,11.4709,0.7517
0.859999,8.06844,11.5046,0.729494
0.864999,8.10601,11.5376,0.711659
0.869999,8.14423,11.5699,0.689454
0.874999,8.18308,11.6013,0.672057
0.879999,8.22255,11.632,0.649852
0.884999,8.26262,11.6619,0.633056
0.889999,8.30325,11.6911,0.610861
0.894999,8.34444,11.7194,0.594756
0.899999,8.38615,11.747,0.572949
0.904999,8.42838,11.7738,0.557519
0.909999,8.47109,11.7998,0.536011
0.914999,8.51426,11.825,0.521168
0.919999,8.55789,11.8494,0.49984
0.924999,8.60194,11.8731,0.485399
0.929999,8.64641,11.8959,0.464391
0.934999,8.69127,11.918,0.450151
0.939999,8.7365,11.9393,0.430332
0.944999,8.78208,11.9599,0.416833
0.949999,8.82798,11.9797,0.398983
0.954999,8.87417,11.9988,0.386739
0.959999,8.92062,12.0173,0.371329
0.964999,8.96731,12.0352,0.360636
0.969999,9.01421,12.0526,0.347889
0.974999,9.06129,12.0694,0.338935
0.979999,9.10852,12.0858,0.328977
0.984999,9.1559,12.1018,0.321877
0.989999,9.20339,12.1174,0.314772
0.994999,9.25097,12.1328,0.30961
0.999999,9.3034,12.1494,0.304992
1.005,9.35588,12.1659,0.302554
1.01,9.40838,12.1823,0.30229
1.015,9.46089,12.1986,0.302554
1.02,9.51336,12.2151,0.305416
1.025,9.56579,12.2317,0.308471
1.03,9.61815,12.2486,0.314308
1.035,9.6704,12.2657,0.320292
1.04,9.72254,12.2833,0.328299
1.045,9.77453,12.3012,0.336189
1.05,9.82637,12.3196,0.344488
1.055,9.87807,12.3383,0.352299
1.06,9.92962,12.3575,0.359516
1.065,9.98104,12.377,0.365907
1.07,10.0324,12.3968,0.371331
1.075,10.0836,12.4169,0.375521
1.08,10.0324,12.3968,0.372166
1.085,10.0837,12.4166,0.363542
1.09,10.135,12.4362,0.367138
1.095,10.1863,12.4561,0.373299
1.1,10.2375,12.4762,0.374994
1.105,10.2887,12.4964,0.377673
1.11,10.3398,12.5167,0.375321
1.115,10.391,12.5368,0.374481
1.12,10.4422,12.5568,0.368599
1.125,10.4936,12.5765,0.364445
1.13,10.5451,12.5959,0.355446
1.135,10.5967,12.6148,0.348036
1.14,10.6485,12.6333,0.336266
1.145,10.7005,12.6511,0.325725
1.15,10.7527,12.6684,0.312055
1.155,10.8052,12.6849,0.299171
1.16,10.8579,12.7008,0.284841
1.165,10.9108,12.7158,0.270686
1.17,10.9639,12.7302,0.256514
1.175,11.0172,12.7437,0.241742
1.18,11.0707,12.7565,0.22816
1.185,11.1243,12.7686,0.213129
1.19,11.1781,12.7799,0.200348
1.195,11.2321,12.7904,0.185257
1.2,11.1781,12.7799,0.197232
1.205,11.2321,12.7907,0.198063
1.21,11.2861,12.8011,0.178954
1.215,11.3403,12.8105,0.16608
1.22,11.3946,12.8191,0.147239
1.225,11.449,12.8268,0.13546
1.23,11.5036,12.8338,0.118866
1.235,11.5582,12.84,0.107909
1.24,11.613,12.8455,0.0929166
1.245,11.6678,12.8503,0.0823309
1.25,11.7226,12.8545,0.0685638
1.255,11.7775,12.858,0.0581444
1.26,11.8324,12.8608,0.0455139
1.265,11.8874,12.863,0.0352499
1.27,11.9423,12.8647,0.0236922
1.275,11.9973,12.8657,0.0136519
1.28,12.0523,12.8662,0.0031094
1.285,12.1073,12.8661,6.27648
1.29,12.1623,12.8654,6.26692
1.295,12.2173,12.8643,6.25739
1.3,12.2723,12.8626,6.24876
1.305,12.3272,12.8605,6.23955
1.31,12.3822,12.8579,6.23181
1.315,12.4371,12.8548,6.22298
1.32,12.3822,12.8579,6.22988
1.325,12.4371,12.8547,6.22021
1.33,12.492,12.851,6.21072
1.335,12.5468,12.8469,6.20588
1.34,12.6016,12.8424,6.19779
1.345,12.6564,12.8376,6.19321
1.35,12.7112,12.8324,6.18538
1.355,12.7659,12.8269,6.18083
1.36,12.8206,12.8211,6.17227
1.365,12.8752,12.8148,6.16667
1.37,12.9298,12.8082,6.15661
1.375,12.9844,12.801,6.14912
1.38,13.0388,12.7934,6.13711
1.385,13.0932,12.7851,6.12716
1.39,13.1475,12.7761,6.11301
1.395,13.2016,12.7665,6.10017
1.4,13.2556,12.756,6.0838
1.405,13.3094,12.7447,6.06771
1.41,13.363,12.7324,6.04919
1.415,13.4164,12.7192,6.02954
1.42,13.4695,12.7048,6.00903
1.425,13.5223,12.6893,5.98557
1.43,13.5747,12.6726,5.9633
1.435,13.6267,12.6547,5.93887
1.44,13.6782,12.6355,5.91471
1.445,13.7293,12.615,5.89028
1.45,13.6782,12.6355,5.91471
1.455,13.7296,12.6159,5.92314
1.46,13.7808,12.5959,5.89872
1.465,13.8316,12.5746,5.87429
1.47,13.8818,12.5521,5.84986
1.475,13.9314,12.5284,5.82544
1.48,13.9804,12.5035,5.80101
1.485,14.0288,12.4774,5.77658
1.49,14.0766,12.4502,5.75215
1.495,14.1237,12.4217,5.72773
1.5,14.1701,12.3922,5.7033
1.505,14.2157,12.3615,5.67887
1.51,14.2606,12.3297,5.65445
1.515,14.3046,12.2968,5.63002
1.52,14.3479,12.2628,5.60559
1.525,14.3903,12.2278,5.58117
1.53,14.4319,12.1918,5.55674
1.535,14.4726,12.1548,5.53231
1.54,14.5123,12.1168,5.50788
1.545,14.5511,12.0778,5.48346
1.55,14.589,12.0379,5.45903
1.555,14.6258,11.9971,5.4346
1.56,14.6617,11.9554,5.41018
1.565,14.6965,11.9128,5.38575
1.57,14.7302,11.8694,5.36132
1.575,14.7629,11.8252,5.3369
1.58,14.7946,11.7802,5.31247
1.585,14.8251,11.7344,5.28804
1.59,14.8544,11.6879,5.26362
1.595,14.8827,11.6407,5.23919
1.6,14.9097,11.5928,5.21476
1.605,14.9356,11.5443,5.19033
1.61,14.9603,11.4952,5.16591
1.615,14.9838,11.4454,5.14148
1.62,15.0061,11.3951,5.11705
1.625,15.0271,11.3443,5.09263
1.63,15.0469,11.293,5.0682
1.635,15.0654,11.2412,5.04377
1.64,15.0827,11.189,5.01935
1.645,15.0987,11.1364,4.99492
1.65,15.1134,11.0834,4.97049
1.655,15.1267,11.03,4.94607
1.66,15.1388,10.9764,4.92164
1.665,15.1496,10.9224,4.89721
1.67,15.159,10.8682,4.87278
1.675,15.1672,10.8139,4.84836
1.68,15.1739,10.7593,4.82393
1.685,15.1794,10.7045,4.7995
1.69,15.1835,10.6497,4.77508
1.695,15.1863,10.5948,4.75065
1.7,15.1877,10.5398,4.72622
1.705,15.1879,10.4848,4.70664
1.71,15.1873,10.4298,4.69413
1.715,15.1861,10.3748,4.68766
1.72,15.1847,10.3198,4.68572
1.725,15.1833,10.2649,4.68731
1.73,15.182,10.2099,4.69196
1.735,15.1811,10.1549,4.69913
1.74,15.1806,10.0999,4.7082
1.745,15.1807,10.0449,4.71889
1.75,15.1813,9.98988,4.73008
1.755,15.1826,9.93489,4.74216
1.76,15.1846,9.87993,4.75372
1.765,15.1872,9.82499,4.76568
1.77,15.1846,9.87993,4.75477
1.775,15.1862,9.82496,4.73034
1.78,15.1877,9.76998,4.74684
1.785,15.1901,9.71503,4.76628
1.79,15.1936,9.66014,4.78425
1.795,15.1979,9.60531,4.79893
1.8,15.203,9.55055,4.8116
1.805,15.2087,9.49585,4.82229
1.81,15.215,9.44121,4.83137
1.815,15.2218,9.38662,4.83922
1.82,15.2289,9.33209,4.84568
1.825,15.2364,9.2776,4.85132
1.83,15.2441,9.22314,4.85572
1.835,15.2521,9.16872,4.85949
1.84,15.2602,9.11433,4.86223
1.845,15.2685,9.05995,4.86451
1.85,15.2769,9.0056,4.86623
1.855,15.2853,8.95125,4.86768
1.86,15.2939,8.89692,4.86899
1.865,15.3025,8.8426,4.87021
1.87,15.3112,8.78829,4.87148
1.875,15.3199,8.73399,4.87288
1.88,15.3112,8.78829,4.87143
1.885,15.3195,8.73392,4.8569
1.89,15.3275,8.67951,4.8606
1.895,15.3358,8.62513,4.8657
1.9,15.3443,8.5708,4.87126
1.905,15.3531,8.51651,4.87554
1.91,15.3622,8.46226,4.88037
1.915,15.3715,8.40805,4.8841
1.92,15.381,8.35388,4.8887
1.925,15.3907,8.29976,4.89241
1.93,15.4007,8.24567,4.89709
1.935,15.4109,8.19162,4.90108
1.94,15.4214,8.13762,4.90598
1.945,15.4321,8.08367,4.91036
1.95,15.443,8.02977,4.915
1.955,15.4542,7.97592,4.91904
1.96,15.4656,7.92211,4.92264
1.965,15.4771,7.86834,4.92542
1.97,15.4888,7.8146,4.92748
1.975,15.5006,7.76087,4.92837
1.98,15.5124,7.70715,4.9287
1.985,15.5241,7.65342,4.92733
1.99,15.5124,7.70715,4.9288
1.995,15.5243,7.65345,4.93167
2,15.5361,7.59974,4.92723
2.005,15.5478,7.54599,4.92525
2.01,15.5592,7.49219,4.91814
2.015,15.5703,7.43833,4.91419
2.02,15.5813,7.38443,4.91179
2.025,15.5918,7.33045,4.89804
2.03,15.6018,7.27637,4.8929
2.035,15.6113,7.22218,4.87677
2.04,15.6201,7.16789,4.86953
2.045,15.6282,7.11349,4.85164
2.05,15.6356,7.05899,4.8422
2.055,15.6422,7.00439,4.82355
2.06,15.648,6.9497,4.81273
2.065,15.653,6.89493,4.79409
2.07,15.6572,6.84009,4.78243
2.075,15.6605,6.78519,4.76419
2.08,15.663,6.73025,4.75197
2.085,15.6647,6.67527,4.73434
2.09,15.6656,6.62028,4.7217
2.095,15.6656,6.56528,4.70472
2.1,15.6648,6.51029,4.69169
2.105,15.6632,6.45531,4.67541
2.11,15.6608,6.40036,4.66199
2.115,15.6576,6.34546,4.64636
2.12,15.6536,6.2906,4.63254
2.125,15.6488,6.23581,4.61754
2.13,15.6432,6.1811,4.6033
2.135,15.6369,6.12647,4.58891
2.14,15.6297,6.07194,4.57439
2.145,15.6218,6.01752,4.5609
2.15,15.6131,5.96321,4.54683
2.155,15.6037,5.90901,4.53485
2.16,15.5936,5.85494,4.52196
2.165,15.6038,5.909,4.53211
2.17,15.5937,5.85493,4.52426
2.175,15.583,5.80097,4.51048
2.18,15.5718,5.74714,4.50162
2.185,15.56,5.69342,4.4906
2.19,15.5477,5.63981,4.48333
2.195,15.535,5.5863,4.4752
2.2,15.5219,5.53288,4.46963
2.205,15.5085,5.47953,4.46417
2.21,15.4949,5.42624,4.4604
2.215,15.4811,5.373,4.4574
2.22,15.4672,5.31979,4.45551
2.225,15.4532,5.2666,4.45483
2.23,15.4392,5.21341,4.45497
2.235,15.4252,5.16021,4.45643
2.24,15.4114,5.10699,4.45863
2.245,15.3976,5.05373,4.46189
2.25,15.3841,5.00042,4.46565
2.255,15.3708,4.94706,4.46975
2.26,15.3577,4.89364,4.4742
2.265,15.3448,4.84017,4.47846
2.27,15.3322,4.78663,4.48294
2.275,15.3448,4.84017,4.47895
2.28,15.3317,4.78675,4.46589
2.285,15.3185,4.73336,4.4727
2.29,15.3057,4.67989,4.48037
2.29501,15.2932,4.62631,4.48785
2.30001,15.2811,4.57266,4.49371
2.30501,15.2693,4.51894,4.49896
2.31001,15.2578,4.46516,4.50311
2.31501,15.2465,4.41134,4.50666
2.32001,15.2353,4.35748,4.50951
2.32501,15.2243,4.3036,4.51174
2.33001,15.2134,4.24969,4.51354
2.33501,15.2025,4.19577,4.51474
2.34001,15.1918,4.14184,4.5156
2.34501,15.181,4.0879,4.51597
2.35001,15.1703,4.03395,4.51611
2.35501,15.1595,3.98001,4.51597
2.36001,15.1488,3.92607,4.51569
2.36501,15.138,3.87213,4.5153
2.37001,15.1273,3.8182,4.51481
2.37501,15.1165,3.76427,4.51435
2.38001,15.1056,3.71035,4.51381
2.38501,15.1165,3.76427,4.51425
2.39001,15.1056,3.71035,4.51374
2.39501,15.0947,3.65644,4.51316
2.40001,15.0839,3.60253,4.51279
2.40501,15.0729,3.54862,4.51233
2.41001,15.062,3.49472,4.51203
2.41501,15.051,3.44082,4.51173
2.42001,15.0401,3.38693,4.51151
2.42501,15.0291,3.33303,4.51136
2.43001,15.0181,3.27914,4.51125
2.43501,15.0071,3.22525,4.51125
2.44001,14.9961,3.17136,4.51126
2.44501,14.9852,3.11747,4.51139
2.45001,14.9742,3.06357,4.51156
2.45501,14.9632,3.00968,4.51181
2.46001,14.9523,2.95578,4.51207
2.46501,14.9413,2.90188,4.51235
2.47001,14.9304,2.84797,4.51264
2.47501,14.9195,2.79406,4.51292
2.48001,14.9086,2.74015,4.51321
2.48501,14.8977,2.68624,4.51347
2.49001,14.8869,2.63232,4.51374
2.49501,14.8977,2.68624,4.51351
2.50001,14.8869,2.63232,4.51293
2.50501,14.876,2.57841,4.5133
2.51001,14.8651,2.5245,4.51369
2.51501,14.8543,2.47058,4.51409
